{"cameraMode":{"drawMode":0,"name":"Shaded","section":"Shading Mode"},"sceneLighting":false,"audioPlay":false,"sceneViewState":{"showFog":true,"showMaterialUpdate":false,"showSkybox":false,"showFlares":true,"showImageEffects":true,"showParticleSystems":true},"in2DMode":false,"pivot":{"x":-8.025566101074219,"y":-0.09073077142238617,"z":4.58181095123291},"rotation":{"x":-0.08716925978660584,"y":-0.031800441443920138,"z":0.002668433589860797,"w":-0.9958252906799316},"size":1.2164866924285889,"orthographic":false}