{"cameraMode":{"drawMode":0,"name":"Shaded","section":"Shading Mode"},"sceneLighting":false,"audioPlay":false,"sceneViewState":{"showFog":true,"showMaterialUpdate":false,"showSkybox":false,"showFlares":true,"showImageEffects":true,"showParticleSystems":true},"in2DMode":false,"pivot":{"x":-9.199999809265137,"y":1.2000000476837159,"z":-49.7400016784668},"rotation":{"x":0.12501229345798493,"y":-0.3723033666610718,"z":0.0506892055273056,"w":0.9182650446891785},"size":2.8578836917877199,"orthographic":false}