{"cameraMode":{"drawMode":0,"name":"Shaded","section":"Shading Mode"},"sceneLighting":false,"audioPlay":false,"sceneViewState":{"showFog":true,"showMaterialUpdate":false,"showSkybox":true,"showFlares":true,"showImageEffects":true,"showParticleSystems":true},"in2DMode":false,"pivot":{"x":38.456298828125,"y":-78.47376251220703,"z":4.088160037994385},"rotation":{"x":-0.3726873993873596,"y":-0.5976747870445252,"z":0.3657491207122803,"w":-0.6086211204528809},"size":98.80960083007813,"orthographic":false}