{"cameraMode":{"drawMode":0,"name":"Shaded","section":"Shading Mode"},"sceneLighting":false,"audioPlay":false,"sceneViewState":{"showFog":true,"showMaterialUpdate":false,"showSkybox":false,"showFlares":true,"showImageEffects":true,"showParticleSystems":true},"in2DMode":false,"pivot":{"x":28.775386810302736,"y":0.004999995231628418,"z":29.006643295288087},"rotation":{"x":-0.2796795964241028,"y":0.6096643805503845,"z":-0.2433731108903885,"w":-0.700613260269165},"size":4.990760803222656,"orthographic":false}